633,40,2,3,103106325003,orginal,492,1403/11/28,لوله,6,19:00:00,19:00:00
642,45,1,4,102111022005,orginal,501,1403/11/29,لوله,3,11:00:00,11:00:00
654,44,3,4,102111022005,orginal,513,1403/12/01,لوله,3,04:00:00,04:00:00
655,40,2,2,101111032007,TEST - not ok,514,1403/11/29,لوله,2,16:00:00,16:00:00
658,40,2,4,102111022005,TEST -   ,517,1403/11/29,لوله,2,20:00:00,20:00:00
678,40,2,8,0000000003,orginal,2,1403/11/09,لوله,3,23:00:00,23:00:00
685,36,1,7,104102015006,orginal,7,1403/11/19,لوله,12,13:00:00,13:00:00
686,36,1,7,104102015006,TEST - OK,7,1403/11/27,لوله,1,07:00:00,09:00:00
691,36,1,5,104102015006,TEST - NOT OK,7,1403/11/29,لوله,1,09:00:00,10:00:00
692,36,1,7,104102015006,TEST - NOT OK(color),7,1403/11/29,لوله,1,09:00:00,10:00:00
394,42,1,12,200111045215,,259,1403/10/14,اتصالات,11,10:00:00,10:00:00
698,36,1,5,104120153001,TEST - NOT OK,9,1403/11/30,لوله,1,18:00:00,19:00:00
701,36,1,6,104102015006,TEST - NOT OK,7,1403/12/02,لوله,1,14:00:00,15:00:00
702,36,1,6,104102015006,TEST -  ,7,1403/12/02,لوله,1,16:00:00,18:00:00
706,40,2,7,104102015006,orginal,1,1403/11/23,لوله,6,22:00:00,22:00:00
720,36,1,5,104120153001,orginal,9,1403/12/03,لوله,10,07:00:00,09:00:00
722,36,1,6,114102515046,orginal,7,1403/12/03,لوله,11,15:00:00,18:00:00
723,36,1,7,104102015006,orginal,7,1403/12/04,لوله,12,11:00:00,14:00:00
415,39,1,21,200106345001,,279,1403/10/15,اتصالات,11,11:00:00,11:00:00
724,36,1,6,114102515046,orginal,7,1403/12/04,لوله,14,14:30:00,17:30:00
725,36,1,7,104102015006,orginal,7,1403/12/05,لوله,12,07:00:00,09:00:00
732,36,1,7,114102515046,TEST -  NOT OK,7,1403/11/05,لوله,1,11:00:00,11:30:00
740,36,1,6,0000000017,TEST - NOT OK,8,1403/11/12,لوله,1,10:00:00,10:30:00
743,36,1,6,0000000017,TEST - NOT OK,8,1403/11/13,لوله,1,11:00:00,11:30:00
745,35,1,7,104102015006,TEST - NOT OK,7,1403/11/19,لوله,1,10:00:00,10:30:00
749,40,2,2,102111022005,orginal,5,1403/12/02,لوله,3,11:00:00,12:30:00
828,40,3,3,103109028004,,4,1403/11/20,لوله,7,02:00:00,08:49:00
858,36,1,7,0000000001,Orginal,2,1403/12/10,لوله,16,09:30:00,11:30:00
866,34,1,3,101106330004,,1,1403/12/10,لوله,9,10:00:00,10:11:00
881,36,1,4,0000000026,Orginal,3,1403/12/14,لوله,10,07:00:00,09:00:00
883,40,3,6,116205006050,,3,1403/12/10,لوله,4,01:00:00,10:49:00
893,45,1,8,0000000027,TEST -NOT OK,2,1403/12/19,لوله,2,17:00:00,18:00:00
860,40,3,8,0000000001,,11,1403/12/09,لوله,2,07:00:00,09:55:00
1058,40,1,2,101111032007,Orginal,1,1404/01/18,لوله,9,07:00:00,09:45:00
1062,40,1,8,0000000028,Orginal,3,1404/01/18,لوله,4,12:00:00,13:00:00
1067,39,1,22,200711000037,orginal,16,1403/12/07,اتصالات,13,11:00:00,14:25:00
1070,44,2,3,101106330004,,1,1403/12/21,لوله,10,20:00:00,12:04:00
1072,44,3,8,0000000027,,12,1403/12/21,لوله,4,04:00:00,12:08:00
1090,42,3,11,200411090064,orginal,16,1403/12/07,اتصالات,14,19:00:00,22:30:00
1092,39,1,19,200411045050,orginal,16,1403/12/08,اتصالات,13,13:00:00,16:25:00
1093,39,1,18,200411045049,orginal,16,1403/12/08,اتصالات,13,16:00:00,19:25:00
1095,39,1,21,200111045004,orginal,16,1403/12/09,اتصالات,15,11:30:00,14:30:00
1096,42,3,9,200700110060,Orginal,16,1403/12/09,اتصالات,13,15:00:00,18:25:00
1098,40,1,3,101106330004,Orginal,1,1403/12/07,لوله,5,12:00:00,13:15:00
1100,44,2,2,101111032007,Orginal,1,1403/12/07,لوله,6,16:00:00,17:30:00
1105,44,2,3,101106330004,Orginal,1,1403/12/07,لوله,7,20:00:00,21:45:00
1110,39,1,15,200111045004,Orginal,16,1403/12/10,اتصالات,13,21:00:00,00:25:00
1111,42,3,20,200106345213,Orginal,16,1403/12/11,اتصالات,14,00:00:00,03:30:00
1123,42,3,22,200111045215,Orginal,16,1403/12/12,اتصالات,12,07:30:00,10:30:00
1126,39,1,15,200111045004,Orginal,16,1403/12/12,اتصالات,13,16:00:00,19:25:00
1137,39,3,22,200111045215,Orginal,16,1403/12/14,اتصالات,13,17:00:00,09:03:00
1138,39,3,20,200106345213,Orginal,16,1403/12/14,اتصالات,13,20:00:00,09:07:00
1140,44,2,4,101109030006,,1,1403/12/05,لوله,5,20:00:00,08:53:00
1153,42,3,21,200412545051,Orginal,16,1403/12/17,اتصالات,15,19:00:00,09:44:00
1229,38,1,17,210706300132,تست,2,1404/2/5,اتصالات,0,22:55:00,22:55:00
635,40,2,4,116211015047,orginal,494,1403/11/28,لوله,5,21:00:00,21:00:00
638,44,3,4,116211015047,orginal,497,1403/11/29,لوله,2,04:00:00,04:00:00
643,40,2,3,103106325003,orginal,502,1403/11/29,لوله,7,16:00:00,16:00:00
653,44,3,3,103106325003,orginal,512,1403/12/01,لوله,6,02:00:00,02:00:00
683,36,1,7,0000000013,orginal,5,1403/11/14,لوله,5,14:00:00,14:00:00
689,36,1,5,104102015004,TEST - NOT OK,8,1403/11/28,لوله,1,10:00:00,11:00:00
690,36,1,5,104102015004,TEST - OK,8,1403/11/28,لوله,2,13:00:00,14:00:00
700,36,1,6,104102015006,TEST - NOT OK,7,1403/12/02,لوله,1,11:00:00,12:00:00
704,35,1,7,104102015006,orginal,7,1403/11/20,لوله,21,07:00:00,14:00:00
705,35,1,2,0000000014,orginal,1,1403/11/20,لوله,4,14:00:00,15:00:00
707,40,2,5,104120153001,orginal,9,1403/11/25,لوله,4,17:00:00,19:00:00
709,36,1,7,104102015006,orginal,7,1403/11/25,لوله,10,07:00:00,15:00:00
715,36,1,7,104102015006,orginal,7,1403/11/29,لوله,10,07:00:00,09:00:00
396,41,2,16,201711035023,10 ثانیه آسیابی,261,1403/10/14,اتصالات,11,16:00:00,16:00:00
734,36,1,8,0000000015,TEST - NOT OK,2,1403/11/06,لوله,2,09:00:00,09:30:00
737,36,1,5,104102015004,TEST - NOT OK,8,1403/11/09,لوله,1,08:00:00,08:30:00
829,40,3,5,104102015004,,8,1403/11/20,لوله,-1,00:00:00,09:05:00
832,44,3,5,0000000024,,9,1403/11/21,لوله,2,00:00:00,09:15:00
838,40,2,3,103106325003,,4,1403/11/27,لوله,6,18:00:00,09:29:00
841,44,3,3,101106330004,,1,1403/11/28,لوله,6,04:00:00,09:39:00
843,45,1,2,101111032007,,1,1403/11/28,لوله,7,09:00:00,09:43:00
403,35,1,3,101109030006,بدون ضایعات آسیابی,267,1403/10/14,لوله,7,09:00:00,09:00:00
844,45,1,3,101106330004,,1,1403/11/28,لوله,5,11:00:00,09:43:00
847,36,1,6,114102515046,Orginal,7,1403/12/06,لوله,16,09:00:00,12:00:00
848,36,1,6,101103230001,Orginal,1,1403/12/07,لوله,8,07:00:00,12:00:00
872,36,1,8,0000000025,Orginal,3,1403/12/12,لوله,9,11:00:00,15:00:00
878,44,2,4,0000000021,Orginal,3,1403/12/13,لوله,22,15:00:00,21:00:00
879,40,3,3,101106330004,,1,1403/12/10,لوله,6,23:00:00,10:39:00
884,36,1,8,0000000003,TEST - NOT OK,2,1403/12/10,لوله,2,13:00:00,14:00:00
886,44,1,8,0000000007,Orginal,3,1403/12/11,لوله,10,09:00:00,14:30:00
888,36,1,4,0000000026,Orginal,3,1403/12/16,لوله,30,07:00:00,15:00:00
892,36,1,8,0000000027,TEST -NOT OK,2,1403/12/19,لوله,2,11:00:00,12:00:00
900,40,2,2,117511012123,,3,1403/12/11,لوله,7,21:00:00,11:37:00
905,40,2,2,101111032007,,1,1403/12/21,لوله,4,18:00:00,10:13:00
1060,40,1,3,101109030006,Orginal,1,1404/01/18,لوله,7,10:00:00,11:45:00
1074,40,3,2,101111032007,,1,1403/12/23,لوله,7,11:00:00,12:12:00
1091,42,3,16,000000000001,orginal,16,1403/12/07,اتصالات,9,22:30:00,00:25:00
1097,40,1,2,101111032007,Orginal,1,1403/12/07,لوله,4,10:00:00,11:00:00
1107,44,2,4,0000000026,Orginal,3,1403/12/07,لوله,6,20:00:00,21:30:00
1118,39,1,13,201700090050,Orginal,16,1403/12/11,اتصالات,13,22:30:00,01:25:00
1120,45,3,3,101106330004,Orginal,16,1403/12/08,لوله,3,04:00:00,05:00:00
1155,39,1,16,200711000037,Orginal,16,1403/12/18,اتصالات,15,12:00:00,09:49:00
631,40,2,2,101111032007,orginal,488,1403/11/28,لوله,9,16:00:00,16:00:00
636,44,3,2,101111032007,orginal,495,1403/11/29,لوله,5,00:00:00,00:00:00
684,36,1,8,0000000007,orginal,3,1403/11/15,لوله,20,07:00:00,07:00:00
711,36,1,6,114103215148,orginal,7,1403/11/27,لوله,9,15:00:00,17:00:00
721,36,1,7,104120153001,orginal,7,1403/12/03,لوله,10,09:00:00,12:00:00
730,36,1,7,114102515046,TEST -  NOT OK,7,1403/11/05,لوله,1,09:00:00,09:30:00
744,35,1,7,104102015006,TEST - OK,7,1403/11/19,لوله,1,11:00:00,11:30:00
830,44,1,3,103109028004,,4,1403/11/21,لوله,6,07:00:00,09:07:00
831,44,1,5,104120153001,,9,1403/11/21,لوله,3,10:00:00,09:07:00
834,45,1,2,101111032007,,1,1403/11/27,لوله,5,10:00:00,09:20:00
836,45,1,3,103106325003,,4,1403/11/27,لوله,4,12:00:00,09:24:00
839,40,2,4,116211010060,,3,1403/11/27,لوله,5,20:00:00,09:34:00
840,44,3,2,101111032007,,1,1403/11/28,لوله,5,00:00:00,09:34:00
845,45,1,4,116211010060,,3,1403/11/28,لوله,6,13:00:00,09:46:00
849,36,1,7,104102015006,Orginal,7,1403/12/07,لوله,10,13:00:00,15:00:00
852,40,3,4,101112532008,,16,1403/12/09,لوله,3,04:00:00,09:46:00
853,36,1,8,0000000001,Orginal,2,1403/12/10,لوله,14,13:30:00,17:30:00
854,36,1,2,0000000014,Orginal,1,1403/12/10,لوله,4,07:30:00,09:30:00
856,36,1,7,114102515046,Orginal,7,1403/12/10,لوله,16,09:30:00,11:30:00
868,44,2,4,0000000026,Orginal,3,1403/12/12,لوله,20,12:00:00,19:00:00
869,34,1,6,116305045146,,3,1403/12/10,لوله,2,14:30:00,10:15:00
367,39,1,9,200706300220,فرمول به صورت تستی-HL60 به HL90 اضافه می شود.,230,1403/09/14,اتصالات,1,11:00:00,11:00:00
895,45,1,3,116211010060,,3,1403/12/11,لوله,6,10:00:00,11:31:00
894,45,1,2,117511012123,,3,1403/12/11,لوله,10,07:00:00,10:51:00
897,45,1,5,104120153001,,9,1403/12/11,لوله,3,12:00:00,11:31:00
901,40,3,4,0000000029,Orginal,3,1403/12/11,لوله,6,02:00:00,03:30:00
903,40,1,3,101106330004,,16,1403/12/21,لوله,1,09:00:00,09:34:00
909,40,1,2,101111032007,,1,1403/12/22,لوله,9,07:00:00,10:18:00
911,40,2,4,102111022005,,5,1403/12/22,لوله,4,15:00:00,10:21:00
1063,42,3,17,210702000173,Orginal,16,1403/12/06,اتصالات,3,22:00:00,22:45:00
1066,40,2,6,111100504061,,3,1403/12/20,لوله,1,16:00:00,12:00:00
1101,42,3,22,200111045215,Orginal,16,1403/12/09,اتصالات,13,17:00:00,20:25:00
1142,44,2,5,104120153001,,9,1403/12/05,لوله,2,21:00:00,09:12:00
1143,45,3,2,101111032007,,1,1403/12/06,لوله,4,00:00:00,09:12:00
1145,45,3,4,101109030006,,1,1403/12/06,لوله,7,02:00:00,09:16:00
1157,45,2,2,101111032007,Orginal,1,1403/12/09,لوله,7,16:00:00,18:20:00
637,44,3,3,103106325003,orginal,496,1403/11/29,لوله,5,02:00:00,02:00:00
641,45,1,3,101106330004,orginal,500,1403/11/29,لوله,5,08:00:00,08:00:00
660,40,1,4,102111022005,TEST -,519,1403/12/03,لوله,1,17:00:00,17:00:00
687,36,1,6,114103215148,TEST - OK,7,1403/11/27,لوله,1,14:00:00,14:00:00
694,36,1,7,104102015006,TEST - OK,7,1403/11/29,لوله,1,11:00:00,12:00:00
697,36,1,5,104120153001,TEST - NOT OK,9,1403/11/30,لوله,1,17:00:00,18:00:00
699,36,1,6,104102015006,TEST - NOT OK,7,1403/12/02,لوله,1,10:00:00,11:00:00
703,36,1,6,114102515046,TEST - OK,7,1403/12/03,لوله,1,14:00:00,15:00:00
713,36,1,5,104102015004,orginal,8,1403/11/28,لوله,8,15:00:00,19:00:00
727,36,1,7,114102515046,TEST - NOT OK,7,1403/11/04,لوله,1,07:00:00,07:30:00
731,36,1,7,114102515046,TEST -  NOT OK,7,1403/11/05,لوله,1,10:00:00,10:30:00
738,36,1,7,114102515046,TEST - NOT OK,7,1403/11/09,لوله,1,11:00:00,11:00:00
741,36,1,6,0000000017,TEST - NOT OK,8,1403/11/12,لوله,1,13:00:00,13:30:00
742,36,1,6,0000000017,TEST - NOT OK,8,1403/11/13,لوله,1,08:00:00,08:30:00
748,44,2,2,101111032007,orginal,16,1403/12/02,لوله,10,16:00:00,21:00:00
750,44,2,2,101111032007,orginal,1,1403/12/02,لوله,10,22:00:00,01:00:00
833,44,1,5,0000000024,,9,1403/11/23,لوله,8,10:00:00,09:20:00
837,40,2,2,101111032007,,1,1403/11/27,لوله,8,16:00:00,09:26:00
846,36,1,7,104102015006,Orginal,7,1403/12/06,لوله,15,07:00:00,09:00:00
850,36,1,6,101103230001,Orginal,1,1403/12/08,لوله,9,07:00:00,11:20:00
857,40,3,7,114102515046,,7,1403/12/09,لوله,2,06:00:00,09:55:00
874,36,1,4,0000000026,Orginal,3,1403/12/12,لوله,10,15:00:00,18:00:00
876,36,1,4,0000000026,Orginal,3,1403/12/13,لوله,30,07:00:00,15:00:00
877,40,2,2,101111032007,,1,1403/12/10,لوله,10,20:00:00,10:29:00
889,36,1,7,114102515040,TEST -NOT OK,9,1403/12/18,لوله,2,13:00:00,15:00:00
891,36,1,8,0000000027,TEST -NOT OK,2,1403/12/19,لوله,2,10:00:00,11:00:00
898,40,3,3,116211010060,Orginal,3,1403/12/11,لوله,8,00:00:00,02:00:00
904,40,1,8,0000000027,,12,1403/12/21,لوله,3,14:00:00,09:43:00
908,44,3,8,0000000027,,12,1403/12/22,لوله,3,02:00:00,10:18:00
1064,40,2,4,116416018032,,3,1403/12/20,لوله,4,14:00:00,11:55:00
1089,42,3,14,200109040025,orginal,16,1403/12/07,اتصالات,14,17:00:00,21:00:00
1106,39,1,21,201411045009,Orginal,16,1403/12/10,اتصالات,13,15:00:00,18:25:00
1113,42,3,11,200411090064,Orginal,16,1403/12/11,اتصالات,12,07:00:00,10:00:00
1125,44,1,2,103111027005,Orginal,4,1403/12/09,لوله,4,09:00:00,10:20:00
1129,40,1,4,101109030006,,1,1403/12/05,لوله,4,13:00:00,08:45:00
1134,42,3,22,200111045215,Orginal,16,1403/12/13,اتصالات,15,05:00:00,08:57:00
1135,39,1,15,200111090013,Orginal,16,1403/12/13,اتصالات,10,04:30:00,08:57:00
1154,42,3,12,201712535024,Orginal,16,1403/12/17,اتصالات,7,21:00:00,09:49:00
639,45,1,2,101111032007,standard,498,1403/11/29,لوله,2,13:00:00,13:00:00
649,40,2,2,101111032007,orginal,508,1403/11/30,لوله,7,16:00:00,16:00:00
688,36,1,5,104102015004,TEST - NOT OK,8,1403/11/28,لوله,1,09:00:00,10:00:00
719,36,1,5,104120153001,orginal,9,1403/12/02,لوله,11,07:00:00,10:00:00
735,36,1,8,0000000015,TEST - OK,2,1403/11/06,لوله,2,10:00:00,10:30:00
842,44,3,4,116211010060,,3,1403/11/28,لوله,5,03:00:00,09:39:00
855,40,3,5,104120153001,,9,1403/12/09,لوله,2,05:00:00,09:46:00
890,36,1,7,114102515040,TEST -NOT OK,9,1403/12/18,لوله,2,15:00:00,18:00:00
910,40,1,3,101106330004,,1,1403/12/22,لوله,7,11:00:00,10:21:00
567,40,1,4,101112532008,فرمولاسیون تستی - 70 ثانیه ضایعات آسیابی - نتیجه خوب,426,1403/10/24,لوله,2,18:00:00,18:00:00
568,35,3,4,101112532008,فرمولاسیون تستی - 40 ثانیه ضایعات پودری - نتیجه بد,427,1403/10/25,لوله,1,05:00:00,05:00:00
571,35,3,2,101111032007,فرمولاسیون تستی - 5 ثانیه ضایعات پودری - نتیجه ؟,430,1403/10/24,لوله,3,19:00:00,19:00:00
572,35,3,3,101106330004,فرمولاسیون تستی - 5 ثانیه ضایعات پودری - نتیجه ؟,431,1403/10/24,لوله,2,21:00:00,21:00:00
578,39,2,21,201411045009,,436,1403/10/25,اتصالات,11,18:00:00,18:00:00
579,39,2,20,200116045006,25 ثانیه ضایعات آسیابی,437,1403/10/25,اتصالات,10,22:00:00,22:00:00
580,39,3,18,210109045102,,438,1403/10/25,اتصالات,10,00:00:00,00:00:00
589,39,2,12,200111045215,30 ثانیه ضایعات آسیابی,446,1403/10/29,اتصالات,13,20:00:00,20:00:00
1065,40,1,5,104120153001,Orginal,3,1404/01/18,لوله,3,14:00:00,14:45:00
1071,40,1,3,116300636236,Orginal,3,1404/01/21,لوله,1,07:00:00,07:15:00
1073,40,1,4,0000000034,Orginal,3,1404/01/21,لوله,3,12:00:00,12:45:00
1114,39,1,12,201712535024,Orginal,16,1403/12/11,اتصالات,14,16:00:00,19:30:00
1121,42,3,16,200711000037,Orginal,16,1403/12/12,اتصالات,14,03:30:00,07:00:00
1131,44,2,2,101111032007,,1,1403/12/05,لوله,6,15:00:00,08:48:00
1132,44,2,3,102106319003,,5,1403/12/05,لوله,4,16:00:00,08:53:00
1146,44,1,2,101111032007,Orginal,1,1403/12/09,لوله,1,10:20:00,10:40:00
1150,44,1,4,101112532008,Orginal,16,1403/12/09,لوله,4,12:00:00,13:00:00
1151,44,1,5,104120153001,Orginal,9,1403/12/09,لوله,3,14:00:00,15:00:00
1152,42,3,22,200111045215,Orginal,16,1403/12/17,اتصالات,15,16:00:00,09:44:00
645,44,3,3,103106325003,orginal,504,1403/11/30,لوله,7,01:00:00,01:00:00
656,40,2,2,101111032007,TEST - ok,515,1403/11/29,لوله,3,18:00:00,18:00:00
693,36,1,7,104102015006,TEST - NOT OK(color),7,1403/11/29,لوله,1,10:00:00,11:00:00
710,36,1,7,104102015006,orginal,7,1403/11/27,لوله,10,09:00:00,15:00:00
729,36,1,7,114102515046,TEST -  NOT OK,7,1403/11/04,لوله,1,11:00:00,11:30:00
733,36,1,8,0000000015,TEST - NOT OK,2,1403/11/06,لوله,2,08:00:00,08:30:00
569,35,3,4,101112532008,فرمولاسیون تستی - 70 ثانیه ضایعات آسیابی - ظاهر لوله نسبتا زرد - نتیجه خوب,428,1403/10/25,لوله,2,19:00:00,19:00:00
581,42,2,21,201411045009,,439,1403/10/27,اتصالات,10,16:00:00,16:00:00
584,39,2,19,210411045141,30 ثانیه ضایعات آسیابی,442,1403/10/28,اتصالات,11,17:00:00,17:00:00
586,39,2,15,200111045215,30 ثانیه ضایعات آسیابی,444,1403/10/28,اتصالات,10,22:00:00,22:00:00
859,36,1,7,114102515046,Orginal,2,1403/12/11,لوله,13,07:00:00,13:00:00
862,36,1,7,104102015006,Orginal,7,1403/12/11,لوله,10,13:00:00,15:00:00
864,36,1,8,0000000007,Orginal,3,1403/12/11,لوله,17,16:00:00,20:00:00
873,36,1,4,0000000026,Orginal,3,1403/12/12,لوله,10,15:00:00,18:00:00
880,44,2,4,0000000026,Orginal,3,1403/12/14,لوله,22,15:00:00,21:00:00
875,34,1,8,0000000001,,12,1403/12/10,لوله,4,16:00:00,10:29:00
907,44,2,3,101106330004,,1,1403/12/22,لوله,8,22:00:00,10:16:00
1075,40,3,3,101109030006,,1,1403/12/23,لوله,4,01:00:00,12:12:00
1076,44,3,4,0000000034,Orginal,3,1404/01/21,لوله,3,00:00:00,01:00:00
1103,42,3,14,200812511031,Orginal,16,1403/12/09,اتصالات,10,22:25:00,01:00:00
1104,39,1,20,200106345213,Orginal,16,1403/12/10,اتصالات,13,11:00:00,14:25:00
1108,39,1,16,200711000037,Orginal,16,1403/12/10,اتصالات,14,19:00:00,22:30:00
1117,39,1,14,200111090013,Orginal,16,1403/12/11,اتصالات,14,19:30:00,23:00:00
1127,40,1,2,101111032007,,16,1403/12/05,لوله,5,09:00:00,08:42:00
1130,40,1,5,104120153001,,9,1403/12/05,لوله,2,14:00:00,08:48:00
1139,42,3,15,200111045004,Orginal,16,1403/12/15,اتصالات,11,00:00:00,09:07:00
1156,39,1,11,200812511031,Orginal,16,1403/12/18,اتصالات,14,14:00:00,10:07:00
1162,42,1,14,200111090013,Orginal,16,1403/12/18,اتصالات,15,17:00:00,10:25:00
1158,45,3,5,104120153001,Orginal,9,1403/12/09,لوله,3,15:00:00,16:00:00
644,40,2,2,101111032007,orginal,503,1403/11/29,لوله,3,20:00:00,20:00:00
646,45,1,2,101111032007,orginal,505,1403/11/30,لوله,5,08:00:00,08:00:00
570,35,3,4,101112532008,فرمولاسیون تستی - 70 ثانیه ضایعات پودری - ظاهر لوله نسبتا خوب - نتیجه خوب,429,1403/10/25,لوله,1,21:00:00,21:00:00
708,40,2,7,104102015006,orginal,7,1403/11/25,لوله,1,21:00:00,22:00:00
712,36,1,7,104102015006,orginal,7,1403/11/28,لوله,12,07:00:00,09:00:00
726,36,1,6,114102515046,orginal,7,1403/12/05,لوله,16,09:00:00,11:00:00
728,36,1,7,114102515046,TEST -  NOT OK,7,1403/11/04,لوله,1,09:30:00,10:00:00
736,36,1,8,0000000016,TEST - OK,2,1403/11/08,لوله,2,07:00:00,07:30:00
746,40,1,2,101111032007,orginal,1,1403/12/02,لوله,6,09:00:00,11:00:00
861,40,3,8,0000000003,Orginal,2,1403/12/11,لوله,7,04:00:00,07:00:00
867,34,1,6,0000000010,,3,1403/12/10,لوله,1,14:00:00,10:15:00
871,36,1,7,104102015006,Orginal,7,1403/12/12,لوله,20,07:00:00,11:00:00
882,36,1,7,114102515046,Orginal,7,1403/12/14,لوله,20,09:00:00,15:00:00
887,36,1,7,114102515046,TEST - OK,7,1403/12/11,لوله,2,08:30:00,09:00:00
899,45,1,8,0000000007,,12,1403/12/11,لوله,3,13:00:00,11:37:00
906,44,2,2,101111032007,,1,1403/12/22,لوله,9,20:00:00,10:13:00
1163,42,3,16,200711000037,Orginal,16,1403/12/18,اتصالات,14,21:00:00,10:52:00
647,45,1,3,103106325003,orginal,506,1403/11/30,لوله,5,10:00:00,10:00:00
574,42,1,16,211711035115,30 ثانیه ضایعاتی آسیابی,433,1403/10/25,اتصالات,11,10:00:00,10:00:00
648,45,1,4,102111022005,orginal,507,1403/11/30,لوله,4,13:00:00,13:00:00
650,40,2,3,103106325003,orginal,509,1403/11/30,لوله,6,19:00:00,19:00:00
651,40,2,4,102111022005,orginal,510,1403/11/30,لوله,3,21:00:00,21:00:00
652,44,3,2,101111032007,orginal,511,1403/12/01,لوله,8,00:00:00,00:00:00
657,40,2,4,102111022005,TEST - not ok,516,1403/11/29,لوله,1,19:00:00,19:00:00
659,40,1,3,101106330004,TEST -,518,1403/12/02,لوله,2,14:00:00,14:00:00
716,36,1,5,104102015004,orginal,7,1403/11/29,لوله,19,09:00:00,12:00:00
717,36,1,7,104102015006,orginal,7,1403/11/30,لوله,13,13:00:00,15:00:00
718,40,3,5,104120153001,orginal,9,1403/11/30,لوله,20,23:00:00,05:00:00
739,36,1,6,0000000017,TEST - NOT OK,8,1403/11/12,لوله,1,08:00:00,08:30:00
751,44,2,4,102111022005,orginal,5,1403/12/02,لوله,4,23:00:00,01:00:00
752,44,2,2,101111032007,orginal,1,1403/12/03,لوله,5,00:00:00,02:30:00
912,44,2,2,101111032007,,1,1403/12/23,لوله,9,20:00:00,10:24:00
920,44,2,4,102116032007,,5,1403/12/23,لوله,3,21:00:00,10:35:00
1019,42,3,9,200706300034,Orginal,14,1403/12/04,اتصالات,16,19:00:00,19:15:00
1027,44,2,2,103111027005,,4,1403/12/19,لوله,9,20:00:00,10:52:00
1025,44,3,2,101111032007,Orginal,16,1404/01/17,لوله,9,02:00:00,04:15:00
1028,44,2,3,101109030006,,1,1403/12/19,لوله,7,22:00:00,10:57:00
1164,42,3,21,200412545051,Orginal,16,1403/12/18,اتصالات,5,22:00:00,10:54:00
753,44,2,3,101106330004,orginal,1,1403/12/03,لوله,7,02:30:00,05:30:00
575,42,1,17,210109045201,25ثانیه ضایعاتی آسیابی,434,1403/10/25,اتصالات,9,13:00:00,13:00:00
576,39,2,16,211712510206,25ثانیه ضایعاتی آسیابی,435,1403/10/25,اتصالات,11,16:00:00,16:00:00
754,44,2,4,102111022005,orginal,5,1403/12/03,لوله,4,05:30:00,06:30:00
761,45,3,3,101106330004,orginal,16,1403/12/04,لوله,10,22:00:00,02:00:00
778,44,2,2,101111032007,,16,1403/12/02,لوله,10,16:00:00,08:39:00
783,45,3,3,101106330004,,1,1403/12/03,لوله,7,02:00:00,08:56:00
796,40,1,5,101109030006,,1,1403/12/04,لوله,5,13:00:00,10:05:00
824,44,1,2,103111027005,,4,1403/11/20,لوله,8,07:00:00,08:34:00
913,44,3,3,101106330004,,1,1403/12/23,لوله,4,00:00:00,10:24:00
921,36,1,6,0000000030,Orginal,7,1403/12/17,لوله,20,07:00:00,09:00:00
936,44,2,4,0000000026,Orginal,3,1403/12/24,لوله,18,15:00:00,07:30:00
940,40,3,7,114102515046,Orginal,7,1403/12/14,لوله,8,21:15:00,23:15:00
942,40,1,6,104120153001,Orginal,9,1403/12/16,لوله,9,08:00:00,10:15:00
1023,42,3,17,210702000173,Orginal,491,1403/12/04,اتصالات,3,03:00:00,00:15:00
1055,40,1,2,101111032007,,1,1403/12/20,لوله,10,07:00:00,11:46:00
1165,39,1,20,200106345001,Orginal,16,1403/12/19,اتصالات,15,12:00:00,10:54:00
755,44,2,4,102111022005,orginal,5,1403/12/03,لوله,1,06:30:00,07:00:00
756,40,1,3,101106330004,orginal,1,1403/12/03,لوله,9,07:00:00,11:00:00
582,42,1,20,200116045006,15 ثانیه ضایعات آسیابی,440,1403/10/28,اتصالات,14,07:00:00,07:00:00
585,39,2,19,210300075004,30 ثانیه ضایعات آسیابی,443,1403/10/28,اتصالات,11,19:00:00,19:00:00
587,39,3,21,200111045004,بدون ضایعات آسیابی,445,1403/10/29,اتصالات,8,04:00:00,04:00:00
590,42,1,21,201411045009,بدون ضایعات آسیابی,447,1403/10/29,اتصالات,14,11:00:00,11:00:00
1166,39,1,21,200412545051,Orginal,16,1403/12/19,اتصالات,15,17:00:00,10:57:00
760,45,3,2,101111032007,orginal,16,1403/12/04,لوله,9,19:00:00,22:00:00
763,45,3,8,0000000012,orginal,16,1403/12/05,لوله,3,04:00:00,07:00:00
767,40,1,4,0000000012,orginal,2,1403/12/04,لوله,5,12:45:00,14:00:00
768,40,1,5,104120153001,orginal,9,1403/12/04,لوله,2,15:00:00,15:30:00
770,40,1,3,101106330004,orginal,1,1403/11/16,لوله,7,09:00:00,11:00:00
772,40,1,7,102104015001,orginal,5,1403/11/16,لوله,3,12:30:00,14:00:00
784,45,3,4,102111022005,,5,1403/12/03,لوله,4,02:00:00,09:01:00
785,45,3,4,102111022005,,5,1403/12/03,لوله,1,06:00:00,09:01:00
786,40,1,2,101111032007,,1,1403/12/03,لوله,9,09:00:00,09:15:00
789,40,1,4,102111022005,,5,1403/12/03,لوله,5,15:00:00,09:45:00
793,45,3,8,0000000012,,12,1403/12/04,لوله,3,04:00:00,09:55:00
798,40,1,5,104120153001,,9,1403/12/04,لوله,2,15:00:00,10:08:00
812,40,1,3,101106330004,,1,1403/11/14,لوله,2,09:00:00,08:02:00
813,40,1,4,116216017059,,3,1403/11/14,لوله,5,11:00:00,08:07:00
823,40,1,8,0000000022,,3,1403/11/15,لوله,3,13:00:00,08:34:00
914,44,3,4,102111022005,,5,1403/12/23,لوله,3,04:00:00,10:27:00
915,45,1,2,101111032007,,1,1403/12/23,لوله,8,08:00:00,10:27:00
925,36,1,7,114102515046,Orginal,7,1403/12/18,لوله,15,07:00:00,09:00:00
938,40,3,5,0000000006,Orginal,9,1403/12/14,لوله,4,20:00:00,21:00:00
944,40,1,8,0000000020,Orginal,13,1403/12/16,لوله,3,10:15:00,11:00:00
1013,39,1,11,200411090064,Orginal,14,1403/12/03,اتصالات,5,09:00:00,09:15:00
1031,44,3,3,101109030006,Orginal,16,1404/01/17,لوله,4,02:00:00,03:00:00
1047,44,2,2,101111032007,Orginal,1,1404/01/18,لوله,8,20:00:00,22:00:00
1053,44,3,6,111100504061,,3,1403/12/20,لوله,2,02:00:00,11:35:00
1007,39,1,15,200111045004,Orginal,14,1403/12/02,اتصالات,14,11:00:00,14:30:00
1008,42,3,21,200306345055,Orginal,14,1403/12/02,اتصالات,15,16:00:00,20:00:00
663,34,1,2,101111032007,orginal,8,1403/12/01,لوله,5,08:00:00,08:00:00
757,40,1,2,101111032007,,16,1403/12/16,لوله,7,09:00:00,13:30:00
777,40,1,4,102111022005,,16,1403/12/02,لوله,3,11:00:00,08:39:00
795,40,1,3,101106330004,,1,1403/12/04,لوله,5,11:00:00,10:01:00
809,44,2,8,0000000007,,13,1403/11/13,لوله,1,21:00:00,13:37:00
820,40,1,2,101111032007,,1,1403/11/15,لوله,6,08:00:00,08:28:00
916,45,1,3,103109028004,,4,1403/12/23,لوله,7,11:00:00,10:30:00
583,42,1,16,200311090069,15 ثانیه ضایعات آسیابی,441,1403/10/28,اتصالات,12,11:00:00,11:00:00
591,40,1,2,101111032007,5 ثانیه ضایعات آسیابی,448,1403/10/24,لوله,11,10:00:00,10:00:00
592,40,1,3,101106330004,5 ثانیه ضایعات آسیابی,449,1403/10/24,لوله,4,11:00:00,11:00:00
593,36,1,6,101103230001,70 ثانیه ضایعات آسیابی,450,1403/10/24,لوله,3,12:00:00,12:00:00
918,44,2,2,101111032007,,1,1403/12/23,لوله,6,17:00:00,10:33:00
919,44,2,3,103109028004,,4,1403/12/23,لوله,5,20:00:00,10:35:00
927,36,1,4,0000000026,Orginal,3,1403/12/19,لوله,10,07:00:00,09:00:00
929,36,1,2,0000000014,Orginal,1,1403/12/20,لوله,5,13:00:00,14:15:00
931,45,2,8,0000000027,Orginal,2,1403/12/21,لوله,28,16:00:00,23:00:00
934,36,1,4,0000000026,Orginal,3,1403/12/23,لوله,15,10:00:00,13:45:00
1009,42,3,20,200111090013,Orginal,16,1403/12/02,اتصالات,13,18:00:00,18:15:00
1010,42,3,17,210702000173,Orginal,491,1403/12/02,اتصالات,6,20:00:00,20:15:00
1011,42,3,12,200106345213,Orginal,14,1403/12/02,اتصالات,9,21:00:00,21:15:00
1014,39,1,12,200106345213,Orginal,14,1403/12/03,اتصالات,15,14:00:00,14:15:00
1017,39,1,18,200411045050,Orginal,14,1403/12/04,اتصالات,10,07:30:00,07:45:00
1026,39,3,15,200111045004,Orginal ، مواد روی چند دستگاه استفاده شده است.,14,1403/12/05,اتصالات,10,23:00:00,01:30:00
1033,44,3,8,0000000028,,13,1403/12/19,لوله,3,03:00:00,11:02:00
1038,40,1,5,104120153001,,9,1403/12/19,لوله,3,12:00:00,11:06:00
1042,40,2,3,116311015041,,3,1403/12/19,لوله,5,16:00:00,11:25:00
1050,44,2,5,104120153001,,9,1403/12/20,لوله,3,22:00:00,11:35:00
1054,42,3,18,200411045050,Orginal,16,1403/12/06,اتصالات,14,15:00:00,18:30:00
1167,42,3,18,200709000036,Orginal,16,1403/12/19,اتصالات,15,16:00:00,11:02:00
1168,42,3,18,200709000036,Orginal,16,1403/12/19,اتصالات,15,16:00:00,11:02:00
594,35,3,2,101111032007,5 ثانیه ضایعات آسیابی,451,1403/10/25,لوله,10,01:00:00,01:00:00
595,35,3,3,101106330004,5 ثانیه ضایعات آسیابی,452,1403/10/24,لوله,9,23:00:00,23:00:00
596,40,1,2,101111032007,بدون ضایعات آسیابی,453,1403/10/25,لوله,6,10:00:00,10:00:00
597,40,1,3,101106330004,بدون ضایعات آسیابی,454,1403/10/25,لوله,9,11:00:00,11:00:00
598,40,1,4,101112532008,30 ثانیه ضایعات آسیابی,455,1403/10/25,لوله,7,12:00:00,12:00:00
599,35,3,2,101111032007,5 ثانیه ضایعات آسیابی,456,1403/10/25,لوله,11,19:00:00,19:00:00
600,35,3,3,101106330004,5 ثانیه ضایعات آسیابی,457,1403/10/26,لوله,3,01:00:00,01:00:00
601,35,3,4,101112532008,70 ثانیه ضایعات آسیابی,458,1403/10/25,لوله,5,23:00:00,23:00:00
602,35,2,6,114102515046,بدون ضایعات آسیابی,459,1403/10/25,لوله,4,16:00:00,16:00:00
603,40,3,4,101112532008,70 ثانیه ضایعات آسیابی,460,1403/10/27,لوله,5,02:00:00,02:00:00
604,40,3,3,102106319003,بدون ضایعات آسیابی,461,1403/10/29,لوله,4,02:00:00,02:00:00
605,35,2,3,102106319003,بدون ضایعات آسیابی,462,1403/10/30,لوله,3,15:00:00,15:00:00
1170,40,1,2,101111032007,,1,1403/12/06,لوله,7,11:00:00,11:06:00
1174,44,2,4,101107530005,,1,1403/12/06,لوله,4,20:00:00,11:12:00
1182,39,1,13,201700090050,orginal,16,1403/12/20,اتصالات,14,12:00:00,12:23:00
1194,42,1,16,200711000227,orginal,16,1404/01/16,اتصالات,14,16:00:00,10:16:00
1196,42,1,22,200111045215,orginal,16,1404/01/16,اتصالات,4,10:00:00,10:18:00
1202,42,3,12,200311045058,orginal,16,1404/01/17,اتصالات,13,07:45:00,07:45:00
1206,39,1,22,200111045215,orginal,16,1404/01/19,اتصالات,13,08:28:00,08:28:00
1207,42,3,12,200311045058,orginal,16,1404/01/19,اتصالات,10,08:52:00,08:52:00
1221,40,1,20,200116090015,,16,1404/2/5,اتصالات,101,21:55:00,21:55:00
664,44,2,2,101111032007,orginal,16,1403/12/04,لوله,2,15:00:00,15:00:00
758,40,1,8,118511010214,orginal,2,1403/12/03,لوله,3,11:00:00,13:00:00
764,40,1,2,101111032007,orginal,16,1403/12/04,لوله,7,07:00:00,09:30:00
765,40,1,3,101106330004,orginal,16,1403/12/04,لوله,5,09:30:00,11:00:00
773,35,3,2,101111032007,orginal,1,1403/11/16,لوله,3,05:00:00,06:30:00
771,40,1,4,0000000019,orginal,3,1403/11/16,لوله,1,12:00:00,12:30:00
782,45,3,2,101111032007,,1,1403/12/03,لوله,5,08:56:00,08:56:00
790,45,3,2,101111032007,,1,1403/12/04,لوله,9,20:00:00,09:45:00
791,45,3,3,101106330004,,1,1403/12/04,لوله,10,22:00:00,09:52:00
794,40,1,2,101111032007,,1,1403/12/04,لوله,7,09:00:00,10:01:00
807,44,2,3,101106330004,,1,1403/11/13,لوله,5,18:00:00,13:31:00
814,40,2,3,101106330004,,1,1403/11/14,لوله,2,16:00:00,08:07:00
815,44,2,4,0000000021,,3,1403/11/14,لوله,5,18:00:00,08:16:00
822,40,1,4,0000000023,,3,1403/11/15,لوله,4,10:00:00,08:30:00
825,44,1,3,103109028004,,4,1403/11/20,لوله,6,09:00:00,08:39:00
917,45,1,4,102116032007,,5,1403/12/23,لوله,3,14:00:00,10:30:00
923,45,2,4,0000000026,Orginal,3,1403/12/17,لوله,21,17:00:00,23:00:00
941,40,1,6,114102515046,Orginal,7,1403/12/16,لوله,4,07:00:00,08:00:00
1022,42,3,14,200109090229,Orginal,491,1403/12/04,اتصالات,16,03:00:00,03:15:00
1041,42,1,9,200700110060,Orginal,14,1403/12/05,اتصالات,16,15:00:00,19:00:00
1048,42,3,21,200306345055,Orginal,14,1403/12/05,اتصالات,16,18:00:00,22:00:00
1169,42,3,18,200709000036,Orginal,16,1403/12/19,اتصالات,15,16:00:00,11:02:00
1200,42,3,15,200111045004,orginal,16,1404/01/17,اتصالات,14,07:42:00,07:42:00
1203,39,1,12,200311045058,orginal,16,1404/01/18,اتصالات,14,07:52:00,07:52:00
1213,39,1,12,200311045224,orginal,16,1404/01/21,اتصالات,11,11:18:00,11:18:00
1215,34,1,9,2118063135,orginal,16,1405/01/02,اتصالات,14,14:42:00,14:42:00
1222,40,1,20,110300012049,,16,1404/2/5,اتصالات,15,22:15:00,22:15:00
470,36,1,7,104102015006,فرمولاسیون تستی - بدون ضایعات آسیابی - نتیجه بد,330,1403/10/16,لوله,8,14:00:00,14:00:00
665,44,2,3,101106330004,orginal,16,1403/12/04,لوله,7,16:00:00,16:00:00
670,45,3,3,101106330004,orginal,16,1403/12/06,لوله,6,02:00:00,02:00:00
680,36,1,8,0000000001,orginal,2,1403/11/10,لوله,4,08:00:00,08:00:00
759,40,1,4,102111022005,orginal,5,1403/12/03,لوله,5,13:00:00,15:00:00
775,35,3,4,0000000019,orginal,3,1403/11/16,لوله,5,23:00:00,01:00:00
776,40,1,2,101111032007,,16,1403/12/02,لوله,6,09:00:00,08:22:00
788,40,1,8,0000000015,,12,1403/12/03,لوله,3,13:00:00,09:21:00
799,40,1,2,101111032007,,1,1403/11/13,لوله,1,14:00:00,10:08:00
800,40,1,3,101106330004,,1,1403/11/13,لوله,4,11:00:00,10:18:00
811,35,3,8,0000000020,,13,1403/11/13,لوله,3,02:00:00,07:59:00
922,36,1,7,114102515046,Orginal,7,1403/12/17,لوله,10,09:00:00,12:00:00
926,36,1,4,0000000026,Orginal,3,1403/12/18,لوله,10,11:00:00,13:00:00
928,36,1,7,104102015004,Orginal,8,1403/12/20,لوله,22,07:00:00,12:30:00
930,45,2,8,0000000027,Orginal,2,1403/12/20,لوله,30,16:00:00,23:30:00
932,36,1,7,104102015004,Orginal,8,1403/12/21,لوله,10,07:00:00,09:30:00
933,36,1,6,0000000031,استاب همپار - Orginal,8,1403/12/21,لوله,11,10:00:00,12:45:00
935,36,1,4,0000000026,Orginal,3,1403/12/24,لوله,22,07:00:00,12:30:00
1012,39,3,13,200109045003,Orginal,14,1403/12/03,اتصالات,13,07:00:00,07:15:00
1015,42,3,15,200111045004,Orginal,14,1403/12/03,اتصالات,16,16:00:00,16:15:00
1016,42,3,14,200109090012,Orginal,14,1403/12/03,اتصالات,16,21:00:00,21:15:00
1018,39,1,21,200306345055,Orginal,14,1403/12/04,اتصالات,10,10:00:00,10:15:00
1030,44,3,5,104120153001,,9,1403/12/19,لوله,4,00:00:00,10:57:00
1034,40,1,2,101111032007,,1,1403/12/19,لوله,11,07:00:00,11:02:00
1035,44,3,8,0000000020,Orginal,13,1404/01/17,لوله,3,05:00:00,05:45:00
1036,40,1,3,0000000028,,13,1403/12/19,لوله,1,11:00:00,11:06:00
1040,40,1,6,0000000032,,522,1403/12/19,لوله,1,13:00:00,11:20:00
1043,44,2,2,101111032007,,1,1403/12/20,لوله,6,18:00:00,11:25:00
1045,40,1,8,0000000020,Orginal,3,1404/01/17,لوله,5,14:00:00,15:15:00
1046,44,2,3,116311015041,,3,1403/12/20,لوله,8,20:00:00,11:32:00
1052,44,2,5,104120153001,Orginal,9,1404/01/18,لوله,4,02:00:00,03:00:00
1171,40,1,5,104120153001,,9,1403/12/06,لوله,3,12:00:00,11:06:00
1175,44,2,8,0000000012,,12,1403/12/06,لوله,1,22:00:00,11:12:00
1186,42,3,15,200111045004,orginal,16,1403/12/20,اتصالات,15,20:00:00,12:48:00
1176,45,3,2,101111032007,,1,1403/12/07,لوله,7,00:00:00,11:16:00
1185,42,3,15,200812511031,orginal,16,1403/12/20,اتصالات,15,20:00:00,12:48:00
1188,42,3,12,211712535116,orginal,16,1403/12/21,اتصالات,16,21:00:00,12:50:00
1195,42,1,12,200311045058,orginal,16,1404/01/16,اتصالات,14,20:00:00,10:18:00
1201,39,1,15,200111045215,orginal,16,1404/01/17,اتصالات,13,07:45:00,07:45:00
1204,42,3,15,200111045004,orginal,16,1404/01/18,اتصالات,14,08:19:00,08:19:00
1211,42,3,22,200111045215,orginal,16,1404/01/20,اتصالات,15,11:13:00,11:13:00
1218,40,1,20,210706300132,,16,1404/2/5,اتصالات,0,21:37:00,21:37:00
1220,40,1,20,200109045003,,16,1404/2/5,اتصالات,100,21:51:00,21:51:00
1223,40,1,20,110300012049,,16,1404/2/5,اتصالات,8585,22:18:00,22:18:00
1224,40,1,20,2118063135,,16,1404/2/5,اتصالات,8585,22:24:00,22:24:00
1226,40,1,20,2118063135,,16,1404/2/5,اتصالات,8585,22:45:00,22:45:00
666,44,2,4,101109030006,orginal,16,1403/12/04,لوله,7,17:00:00,17:00:00
762,45,3,4,101109030006,orginal,16,1403/12/05,لوله,5,02:00:00,04:00:00
774,35,3,3,111100633051,orginal,1,1403/11/16,لوله,7,19:00:00,23:00:00
787,40,1,3,101106330004,,1,1403/12/03,لوله,9,11:00:00,09:15:00
797,40,1,8,0000000012,,12,1403/12/04,لوله,5,14:00:00,10:05:00
808,44,2,4,117500757121,,3,1403/11/13,لوله,2,20:00:00,13:31:00
816,44,2,6,116305004057,,3,1403/11/14,لوله,2,20:00:00,08:16:00
819,44,2,2,101111032007,,1,1403/11/14,لوله,2,22:00:00,08:24:00
924,45,2,4,0000000026,Orginal,3,1403/12/18,لوله,25,17:00:00,00:00:00
937,40,3,5,104120153001,Orginal,9,1403/12/14,لوله,4,20:00:00,21:00:00
1024,42,3,21,200306345055,Orginal,14,1403/12/04,اتصالات,15,06:00:00,06:15:00
1032,39,3,21,200306345055,Orginal,14,1403/12/05,اتصالات,10,04:00:00,06:30:00
1049,44,2,3,101109030006,Orginal,1,1404/01/18,لوله,7,22:00:00,23:45:00
1051,42,3,13,200109045003,Orginal,14,1403/12/05,اتصالات,8,22:00:00,22:00:00
1004,39,1,16,200306345055,Orginal,14,1403/12/02,اتصالات,14,07:00:00,10:30:00
1172,44,2,2,101111032007,,1,1403/12/06,لوله,6,15:00:00,11:10:00
1173,44,2,3,102106319003,,5,1403/12/06,لوله,4,17:00:00,11:10:00
1179,45,3,5,104120153001,,9,1403/12/07,لوله,3,03:00:00,11:23:00
1180,45,3,3,101106330004,,1,1403/12/07,لوله,6,06:00:00,11:23:00
1181,42,3,12,201712535024,Orginal,16,1403/12/19,اتصالات,14,21:00:00,11:05:00
1184,42,3,11,200812511031,orginal,16,1403/12/20,اتصالات,15,16:00:00,12:29:00
1190,39,1,21,200711000037,Orginal,16,1403/12/21,اتصالات,16,16:00:00,09:04:00
1199,39,1,17,201303245081,orginal,16,1404/01/17,اتصالات,3,07:33:00,07:33:00
1208,42,3,22,200111045215,تست ضایعات ,16,1404/01/19,اتصالات,1,08:52:00,08:52:00
1209,39,3,22,200111045215,تست ضایعات,16,1404/01/19,اتصالات,1,09:00:00,09:00:00
1216,34,1,9,2118063135,orginal,16,1405/01/02,اتصالات,14,14:49:00,14:49:00
1217,34,1,10,210706300132,orginal,16,1405/01/03,اتصالات,15,14:49:00,14:49:00
1225,40,1,20,110300012049,,16,1404/2/5,اتصالات,8585,22:29:00,22:29:00
1227,40,1,20,2118063135,,5,1404/2/5,اتصالات,123,22:57:00,22:57:00
667,44,2,5,104120153001,orginal,9,1403/12/04,لوله,3,18:00:00,18:00:00
668,44,2,8,0000000012,orginal,12,1403/12/04,لوله,3,21:00:00,21:00:00
671,45,3,4,101109030006,orginal,16,1403/12/06,لوله,8,03:00:00,03:00:00
766,40,1,4,101109030006,orginal,16,1403/12/04,لوله,5,11:00:00,12:45:00
779,44,2,3,101106330004,,16,1403/12/02,لوله,6,22:00:00,08:43:00
792,45,3,4,101109030006,,1,1403/12/04,لوله,5,02:00:00,09:55:00
801,40,1,3,101106330004,,1,1403/11/13,لوله,1,15:00:00,10:18:00
805,40,1,4,117511012123,,3,1403/11/13,لوله,5,10:00:00,13:24:00
806,44,2,2,101111032007,,1,1403/11/13,لوله,3,16:00:00,13:24:00
810,35,3,3,101106330004,,1,1403/11/13,لوله,5,23:00:00,13:43:00
818,44,2,8,0000000022,,3,1403/11/14,لوله,2,21:00:00,08:24:00
821,40,1,3,101109030006,,1,1403/11/15,لوله,7,09:00:00,08:28:00
939,40,3,8,0000000025,Orginal,13,1403/12/14,لوله,1,21:00:00,21:15:00
1020,42,3,18,200411045050,Orginal,14,1403/12/04,اتصالات,12,21:00:00,21:15:00
1029,39,3,18,200411045050,Orginal ,14,1403/12/05,اتصالات,9,02:00:00,04:25:00
1037,40,1,3,101109030006,Orginal,1,1404/01/17,لوله,6,11:00:00,12:30:00
1039,40,1,2,101111032007,Orginal,1,1404/01/17,لوله,11,07:00:00,09:45:00
1177,45,3,3,102106319003,,5,1403/12/07,لوله,3,01:00:00,11:20:00
1183,39,1,11,200812511031,orginal,16,1403/12/20,اتصالات,14,15:00:00,12:29:00
1212,39,1,20,200716000039,orginal,16,1404/01/20,اتصالات,17,11:13:00,11:13:00
669,45,3,4,101111032007,orginal,16,1403/12/05,لوله,8,00:00:00,00:00:00
681,36,1,8,0000000001,orginal,2,1403/11/10,لوله,13,10:00:00,10:00:00
769,40,1,2,101111032007,orginal,1,1403/11/16,لوله,7,07:00:00,09:00:00
780,44,2,4,102111022005,,5,1403/12/02,لوله,4,23:00:00,08:50:00
804,40,1,8,0000000020,,13,1403/11/13,لوله,3,10:00:00,13:16:00
1056,44,2,8,0000000028,Orginal,9,1404/01/18,لوله,3,06:00:00,06:45:00
1087,39,1,20,200412545051,orginal,16,1403/12/07,اتصالات,13,14:00:00,17:25:00
1088,39,1,16,200306345055,orginal,16,1403/12/07,اتصالات,14,16:00:00,19:30:00
1094,39,1,14,200812511031,orginal,16,1403/12/09,اتصالات,13,08:00:00,11:30:00
1109,45,3,2,101111032007,Orginal,1,1403/12/08,لوله,4,03:00:00,04:00:00
1112,42,3,21,200111045004,Orginal,16,1403/12/11,اتصالات,15,03:30:00,07:30:00
1147,42,1,17,201303245081,Orginal,16,1403/12/17,اتصالات,14,15:00:00,09:40:00
1161,39,1,13,201709035022,Orginal,16,1403/12/18,اتصالات,13,17:00:00,10:17:00
1178,45,3,4,101107530005,,1,1403/12/07,لوله,2,02:00:00,11:20:00
1189,39,1,16,200711000037, Orginal,16,1403/12/21,اتصالات,15,16:00:00,08:49:00
1192,39,1,12,200311045224,orginal,16,1404/01/16,اتصالات,12,12:00:00,10:13:00
1193,39,1,15,200111045004,orginal,16,1404/01/16,اتصالات,5,14:00:00,10:16:00
1205,42,3,13,200306390066,orginal,16,1404/01/18,اتصالات,16,08:19:00,08:19:00
1210,39,1,20,200316045060,تست پی وی سی و مقدار استاب,16,1404/01/16,اتصالات,1,09:00:00,09:00:00
1219,40,1,20,2118063135,,16,1404/2/5,اتصالات,1,21:48:00,21:48:00
1228,40,1,20,2118063135,,5,1404/2/5,اتصالات,9999,22:59:00,22:59:00
1230,38,1,17,210706300132,تست,2,1404/2/5,اتصالات,10,23:07:00,23:07:00
397,41,2,19,201706335218,10 ثانیه آسیابی,262,1403/10/14,اتصالات,11,19:00:00,19:00:00
395,39,1,14,201211090041,10 ثانیه آسیابی,260,1403/10/14,اتصالات,13,10:00:00,10:00:00
402,35,1,2,101111032007,10 ثانیه ضایعات آسیابی ,266,1403/10/14,لوله,14,07:00:00,07:00:00
404,35,1,8,116400756091,فرمولاسیون جهت لایه اصلی - 10 ثانیه ضایعات آسیابی,268,1403/10/14,لوله,2,08:00:00,08:00:00
407,36,2,3,101109030006,بدون ضایعات آسیابی,271,1403/10/14,لوله,4,15:00:00,15:00:00
408,36,2,8,116400756091,فرمولاسیون لایه میانی - 10 ثانیه ضایعات آسیابی,272,1403/10/14,لوله,2,05:00:00,05:00:00
409,40,3,2,101111032007,10 ثانیه ضایعات آسیابی,273,1403/10/14,لوله,10,19:21:00,19:21:00
411,40,3,6,104120153001,بدون ضایعات آسیابی,275,1403/10/14,لوله,1,18:00:00,18:00:00
416,39,1,19,201706335020,,280,1403/10/15,اتصالات,12,13:30:00,13:30:00
417,35,1,2,101111032007,فرمولاسیون تستی - 5 ثانیه ضایعات آسیابی,281,1403/10/14,لوله,2,10:00:00,10:00:00
420,35,1,8,0000000004,فرمولاسیون تستی - بدون ضایعات آسیابی,284,1403/10/14,لوله,1,14:30:00,14:30:00
425,40,3,2,101111032007,بدون ضایعات آسیابی,289,1403/10/16,لوله,7,19:00:00,19:00:00
426,40,3,3,101109030006,بدون ضایعات آسیابی,290,1403/10/16,لوله,10,19:00:00,19:00:00
428,40,3,6,104120153001,بدون ضایعات آسیابی,292,1403/10/16,لوله,2,04:00:00,04:00:00
432,35,1,4,101111032007,فرمولاسیون تستی - بدون ضایعات آسیابی,296,1403/10/15,لوله,2,09:00:00,09:00:00
439,40,3,4,101111032007,بدون ضایعات آسیابی,302,1403/10/16,لوله,5,09:00:00,09:00:00
456,34,1,10,200112590014,,16,1403/10/19,اتصالات,10,09:18:00,09:18:00
406,35,1,6,104120153001,بدون ضایعات آسیابی,270,1403/10/14,لوله,3,11:00:00,11:00:00
360,39,1,19,210107590001,کمک فرایند HL60 به HL90 اضافه می شود/مواد ضایعاتی به مدت 10 ثانیه,223,1403/09/18,اتصالات,10,08:00:00,08:00:00
451,36,1,7,104102015006,فرمولاسیون تستی - بدون ضایعات آسیابی - نتیجه بد,313,1403/10/17,لوله,2,09:00:00,09:00:00
350,35,2,2,101111032007,فرمول بصورت تستی - 10 ثانیه ضایعات آسیابی,213,1403/09/23,لوله,7,15:00:00,15:00:00
351,39,1,22,200711000037,کمک فرایند HL60 به HL90 اضافه می شود/مواد ضایعاتی به مدت 15 ثانیه,214,1403/09/14,اتصالات,11,11:00:00,11:00:00
349,39,1,16,210111045008,کمک فرایند HL60 به HL90 اضافه می شود/ضایعات اضافه شده به مدت 30 ثانیه,212,1403/09/14,اتصالات,11,09:00:00,09:00:00
348,39,1,19,210107590001,کمک فرایند HL60 به HL90 اضافه می شود/ضایعات مصرفی به مدت 10 ثانیه,211,1403/09/13,اتصالات,11,14:00:00,14:00:00
368,39,1,9,200706300220,فرمول به صورت تستی-کمک فرایند HL60 به HL90 اضافه می شود.,231,1403/09/14,اتصالات,1,12:00:00,12:00:00
460,35,1,6,0000000006,بدون ضایعات آسیابی,320,1403/10/17,لوله,4,11:00:00,11:00:00
436,35,1,8,0000000005,فرمولاسیون لایه اصلی - لایه میانی ضایعات آسیابی,299,1403/10/15,لوله,2,09:00:00,09:00:00
467,40,3,4,102111022005,بدون ضایعات آسیابی,327,1403/10/17,لوله,3,19:00:00,19:00:00
468,40,3,6,0000000006,بدون ضایعات آسیابی,328,1403/10/17,لوله,2,19:00:00,19:00:00
493,40,2,3,101106330004,فرمولاسیون تستی - بدون ضایعات آسیابی - نتیجه خوب,353,1403/10/20,لوله,1,17:00:00,17:00:00
474,36,1,8,0000000007,فرمولاسیون لایه میانی - بدون ضایعات آسیابی,334,1403/10/18,لوله,8,15:00:00,15:00:00
475,36,1,7,104102015006,بدون ضایعات آسیابی,335,1403/10/18,لوله,13,14:00:00,14:00:00
477,36,1,4,0000000007,فرمولاسیون لایه میانی - 50 ثانیه ضایعات آسیابی,337,1403/10/18,لوله,6,08:00:00,08:00:00
480,36,1,4,0000000008,فرمولاسیون تستی - بدون ضایعات آسیابی - نتیجه بد نبود,340,1403/10/20,لوله,2,11:00:00,11:00:00
481,36,1,4,0000000008,فرمولاسیون تستی - بدون ضایعات آسیابی - منتظر تست پخت,341,1403/10/20,لوله,2,12:00:00,12:00:00
484,35,1,8,0000000007,فرمولاسیون لایه اصلی - 20 ثانیه ضایعات آسیابی,344,1403/10/18,لوله,3,13:00:00,13:00:00
490,40,3,8,0000000007,فرمولاسیون لایه اصلی - 10 ثانیه ضایعات آسیابی,350,1403/10/19,لوله,5,07:00:00,07:00:00
492,40,2,3,101106330004,فرمولاسیون تستی - بدون ضایعات آسیابی - نتیجه بد,352,1403/10/20,لوله,7,16:00:00,16:00:00
495,35,3,7,104102015004,فرمولاسیون تستی - بدون ضایعات آسیابی - نتیجه ,355,1403/10/21,لوله,2,01:00:00,01:00:00
499,40,1,8,0000000007,20 ثانیه ضایعات آسیابی,359,1403/10/21,لوله,1,09:00:00,09:00:00
505,42,1,11,200706300034,25 ثانیه آسیابی طوسی,365,1403/10/20,اتصالات,11,11:00:00,11:00:00
508,39,2,15,200711000221,30 ثانیه آسیابی طوسی,368,1403/10/20,اتصالات,11,22:00:00,22:00:00
510,39,2,21,200106345213,30 ثانیه آسیابی طوسی,369,1403/10/20,اتصالات,13,00:00:00,00:00:00
511,39,2,20,200712500038,30 ثانیه آسیابی طوسی,370,1403/10/20,اتصالات,10,03:00:00,03:00:00
512,42,1,22,200811090030,25ثانیه آسیابی طوسی,371,1403/10/21,اتصالات,11,07:00:00,07:00:00
513,42,1,13,200706300220,25ثانیه آسیابی طوسی,372,1403/10/21,اتصالات,11,11:00:00,11:00:00
449,36,1,7,104102015006,فرمولاسیون تستی - بدون ضایعات آسیابی - نتیجه بد,311,1403/10/15,لوله,1,13:00:00,13:00:00
410,40,3,3,101109030006,بدون ضایعات آسیابی,274,1403/10/14,لوله,2,19:21:00,19:21:00
412,40,3,8,116400756091,فرمولاسیون لایه اصلی - 10 ثانیه ضایعات آسیابی,276,1403/10/14,لوله,1,22:00:00,22:00:00
413,36,2,7,114102515040,فرمولاسیون تستی - بدون ضایعات آسیابی,277,1403/10/14,لوله,1,22:00:00,22:00:00
419,35,1,4,101109030006,فرمولاسیون تستی - 5 ثانیه ضایعات آسیابی,283,1403/10/14,لوله,3,14:00:00,14:00:00
421,35,1,2,101111032007,فرمولاسیون تستی - بدون ضایعات آسیابی,285,1403/10/14,لوله,3,16:00:00,16:00:00
361,39,1,12,211712510206,کمک فرایند HL60 به HL90 اضافه می شود/مواد ضایعاتی به مدت 20ثانیه,224,1403/09/18,اتصالات,6,10:00:00,10:00:00
362,41,2,15,210411090010,کمک فرایند HL60 به HL90 اضافه می شود/مواد ضایعاتی به مدت 10ثانیه,225,1403/09/19,اتصالات,6,18:00:00,18:00:00
347,39,1,19,210107590001,کمک فرایند HL60 به HL90 اضافه می شود/ضایعات مصرفی به مدت 35 ثانیه,210,1403/09/13,اتصالات,11,11:00:00,11:00:00
345,39,1,22,200711000037,کمک فرایند HL60 به HL90 اضافه می شود/ضایعات مصرفی به مدت 35 ثانیه,208,1403/09/13,اتصالات,5,16:00:00,16:00:00
353,39,1,20,200711000221,کمک فرایند HL60 به HL90 اضافه می شود/مواد ضایعاتی به مدت 10 ثانیه,216,1403/09/15,اتصالات,13,08:00:00,08:00:00
355,39,1,16,210311045150,کمک فرایند HL60 به HL90 اضافه می شود/مواد ضایعاتی به مدت 10 ثانیه,218,1403/09/15,اتصالات,13,10:00:00,10:00:00
357,39,1,20,210711000129,کمک فرایند HL60 به HL90 اضافه می شود/مواد ضایعاتی به مدت 10 ثانیه,220,1403/09/17,اتصالات,13,09:00:00,09:00:00
358,39,1,16,210311090161,کمک فرایند HL60 به HL90 اضافه می شود/مواد ضایعاتی به مدت 10 ثانیه,221,1403/09/17,اتصالات,11,11:00:00,11:00:00
359,39,1,19,210107545101,کمک فرایند HL60 به HL90 اضافه می شود/مواد ضایعاتی به مدت 10 ثانیه,222,1403/09/17,اتصالات,10,14:00:00,14:00:00
446,42,1,15,200711000037,,308,1403/10/17,اتصالات,14,11:00:00,11:00:00
363,41,2,20,210300110007,کمک فرایند HL60 به HL90 اضافه می شود/مواد ضایعاتی به مدت 10ثانیه,226,1403/09/19,اتصالات,6,12:14:00,12:14:00
364,39,1,22,200711000221,فرمول به صورت تستی-HL60 به HL90 اضافه می شود.ضایعات اضافه شده به مدت 30 ثانیه,227,1403/09/14,اتصالات,1,07:30:00,07:30:00
365,39,1,9,200706300220,فرمول به صورت تستی-HL60 به HL90 اضافه می شود.,228,1403/09/14,اتصالات,1,08:00:00,08:00:00
366,39,1,9,200706300220,فرمول به صورت تستی-HL60 به HL90 اضافه می شود.,229,1403/09/14,اتصالات,1,08:30:00,08:30:00
422,35,1,4,101111032007,فرمولاسیون تستی - بدون ضایعات آسیابی,286,1403/10/14,لوله,1,18:00:00,18:00:00
423,35,1,8,0000000004,بدون ضایعات آسیابی,287,1403/10/15,لوله,1,15:00:00,15:00:00
424,35,1,6,104120153001,بدون ضایعات آسیابی,288,1403/10/15,لوله,5,16:00:00,16:00:00
427,40,3,4,101111032007,بدون ضایعات آسیابی,291,1403/10/16,لوله,10,19:00:00,19:00:00
429,40,3,6,0000000004,بدون ضایعات آسیابی,293,1403/10/15,لوله,1,20:00:00,20:00:00
434,35,1,4,101111032007,بدون ضایعات آسیابی,297,1403/10/15,لوله,7,09:00:00,09:00:00
441,42,1,15,210711000208,,304,1403/10/16,اتصالات,13,11:00:00,11:00:00
469,40,3,8,0000000007,فرمولاسیون لایه اصلی - 10 ثانیه ضایعات آسیابی,329,1403/10/17,لوله,4,19:00:00,19:00:00
461,35,1,8,0000000007,فرمولاسیون لایه اصلی - لایه میانی ضایعات آسیابی,321,1403/10/17,لوله,2,13:00:00,13:00:00
464,40,3,2,101111032007,بدون ضایعات آسیابی,324,1403/10/17,لوله,10,19:00:00,19:00:00
471,36,1,7,104102015006,بدون ضایعات آسیابی,331,1403/10/16,لوله,6,16:00:00,16:00:00
489,40,3,6,0000000006,بدون ضایعات آسیابی,349,1403/10/19,لوله,1,04:00:00,04:00:00
472,36,1,8,0000000007,فرمولاسیون لایه میانی - 40 ثانیه ضایعات آسیابی,332,1403/10/16,لوله,9,17:00:00,17:00:00
473,36,1,7,104102015006,بدون ضایعات آسیابی,333,1403/10/17,لوله,8,15:00:00,15:00:00
478,36,1,4,0000000008,فرمولاسیون تستی - بدون ضایعات آسیابی - نتیجه بد نبود,338,1403/10/20,لوله,2,09:00:00,09:00:00
487,40,3,3,101109030006,بدون ضایعات آسیابی,347,1403/10/18,لوله,11,19:00:00,19:00:00
491,40,2,2,101111032007,فرمولاسیون تستی - بدون ضایعات آسیابی,351,1403/10/20,لوله,10,16:00:00,16:00:00
496,35,3,6,	0000000009,50 ثانیه ضایعات آسیابی,356,1403/10/20,لوله,2,22:00:00,22:00:00
500,36,1,5,0000000010,60 ثانیه ضایعات آسیابی,360,1403/10/21,لوله,4,09:00:00,09:00:00
501,36,1,7,104102015006,بدون ضایعات آسیابی,361,1403/10/22,لوله,9,14:00:00,14:00:00
514,36,1,6,104102015006,فرمولاسیون تستی - بدون ضایعات آسیابی - نتیجه بد,373,1403/10/21,لوله,1,14:00:00,14:00:00
506,36,1,7,104102015006,	فرمولاسیون تستی - بدون ضایعات آسیابی - نتیجه بد	,366,1403/10/21,لوله,1,07:00:00,07:00:00
515,36,1,6,104102015006,فرمولاسیون تستی - بدون ضایعات آسیابی - نتیجه نسبتا خوب,374,1403/10/21,لوله,1,15:00:00,15:00:00
450,36,1,7,104102015006,فرمولاسیون تستی - بدون ضایعات آسیابی - نتیجه بد,312,1403/10/17,لوله,2,07:00:00,07:00:00
383,36,1,6,0000000002,فرمول بصورت تستی - رنگ لوله نارنجی - بدون ضایعات - نتیجه مطلوب,243,1403/10/01,لوله,2,08:00:00,08:00:00
343,39,1,22,200711000037,کمک فرایند HL60 به HL90 اضافه می شود,206,1403/09/13,اتصالات,5,10:00:00,10:00:00
384,36,1,4,0000000003,فرمول بصورت تستی - رنگ لوله نارنجی - بدون ضایعات - نتیجه مطلوب,244,1403/10/01,لوله,2,14:00:00,14:00:00
385,36,1,4,0000000003,فرمول بصورت تستی - رنگ لوله نارنجی - بدون ضایعات,245,1403/10/01,لوله,2,14:00:00,14:00:00
393,42,1,11,200706300034,,258,1403/10/14,اتصالات,11,08:00:00,08:00:00
405,35,1,8,116400756091,فرمولاسیون جهت لایه میانی - 15 ثانیه ضایعات آسیابی,269,1403/10/14,لوله,3,08:00:00,08:00:00
414,39,1,9,200106390010,,278,1403/10/15,اتصالات,19,08:30:00,08:30:00
418,35,1,3,101109030006,فرمولاسیون تستی - 5 ثانیه ضایعات آسیابی,282,1403/10/14,لوله,2,13:00:00,13:00:00
435,35,1,6,104120153001,بدون ضایعات آسیابی,298,1403/10/15,لوله,4,10:00:00,10:00:00
431,35,1,3,101109030006,فرمولاسیون تستی - بدون ضایعات آسیابی,295,1403/10/15,لوله,1,14:00:00,14:00:00
437,35,3,2,101111032007,بدون ضایعات آسیابی,300,1403/10/16,لوله,4,09:00:00,09:00:00
438,40,3,3,103109028004,بدون ضایعات آسیابی,301,1403/10/16,لوله,8,09:00:00,09:00:00
440,42,1,12,200111045004,15 ثانیه ضایعات اضافه شده مورد تایید است,303,1403/10/16,اتصالات,13,07:30:00,07:30:00
443,42,1,14,200111090013,15 ثانیه ضایعات اضافه شده مورد تایید است,305,1403/10/16,اتصالات,12,13:00:00,13:00:00
445,42,1,11,200109045003,,307,1403/10/17,اتصالات,10,08:30:00,08:30:00
465,40,3,3,101109030006,فرمولاسیون تستی - بدون ضایعات آسیابی,325,1403/10/17,لوله,3,19:00:00,19:00:00
447,42,1,11,200706300034,,309,1403/10/17,اتصالات,12,13:00:00,13:00:00
448,36,1,7,104102015006,فرمولاسیون تستی - بدون ضایعات آسیابی - نتیجه بد,310,1403/10/15,لوله,2,09:00:00,09:00:00
452,36,1,7,104102015006,بدون ضایعات آسیابی - نتیجه قابل قبول,314,1403/10/18,لوله,8,07:00:00,07:00:00
457,34,1,10,200112590014,,317,1403/10/19,اتصالات,10,09:18:00,09:18:00
459,34,1,9,210706300132,تست,319,1403/10/19,اتصالات,0,10:44:00,10:44:00
453,35,1,3,103109028004,,316,1403/10/17,لوله,9,09:00:00,09:00:00
466,40,3,3,101109030006,بدون ضایعات آسیابی,326,1403/10/17,لوله,4,19:00:00,19:00:00
462,35,1,4,102111022005,فرمولاسیون تستی - بدون ضایعات آسیابی,322,1403/10/17,لوله,3,10:00:00,10:00:00
444,40,3,8,111111034049,فرمولاسیون لایه اصلی - ضایعات آسیابی,306,1403/10/16,لوله,1,21:00:00,21:00:00
463,35,1,4,102111022005,فرمولاسیون تستی - بدون ضایعات آسیابی,323,1403/10/17,لوله,2,14:00:00,14:00:00
476,36,1,4,0000000008,بدون ضایعات آسیابی,336,1403/10/20,لوله,6,13:00:00,13:00:00
479,36,1,4,0000000008,فرمولاسیون تستی - بدون ضایعات آسیابی - نتیجه بد نبود,339,1403/10/20,لوله,2,10:00:00,10:00:00
482,35,1,2,101111032007,بدون ضایعات آسیابی ,342,1403/10/18,لوله,8,07:00:00,07:00:00
483,35,1,6,0000000006,بدون ضایعات آسیابی,343,1403/10/18,لوله,2,11:00:00,11:00:00
485,35,1,3,102109018004,بدون ضایعات آسیابی,345,1403/10/18,لوله,2,15:00:00,15:00:00
486,40,3,2,101111032007,بدون ضایعات آسیابی,346,1403/10/18,لوله,10,19:00:00,19:00:00
488,40,3,4,102111022005,بدون ضایعات آسیابی,348,1403/10/18,لوله,4,19:00:00,19:00:00
494,35,3,7,104102015004,فرمولاسیون تستی - بدون ضایعات آسیابی - نتیجه بد,354,1403/10/20,لوله,5,20:00:00,20:00:00
497,35,3,2,101111032007,بدون ضایعات آسیابی,357,1403/10/21,لوله,3,08:00:00,08:00:00
498,35,3,4,116311015041,50 ثانیه ضایعات آسیابی,358,1403/10/20,لوله,9,20:00:00,20:00:00
502,36,1,5,0000000011,60 ثانیه ضایعات آسیابی,362,1403/10/22,لوله,2,09:00:00,09:00:00
503,36,1,7,104102015006,بدون ضایعات آسیابی,363,1403/10/23,لوله,12,07:00:00,07:00:00
458,30,3,15,200105045027,,318,1403/10/19,اتصالات,10,09:55:00,09:55:00
504,42,1,9,200106390010,30 ثانیه آسیابی طوسی,364,1403/10/20,اتصالات,10,08:00:00,08:00:00
507,42,1,12,200111045215,25 ثانیه آسیابی طوسی,367,1403/10/20,اتصالات,11,13:00:00,13:00:00
341,30,1,2,101109030006,فرمول بصورت تستی - 10 ثانیه ضایعات آسیابی,204,1403/09/23,لوله,6,08:38:00,08:38:00
342,30,1,4,101112532008,میکس بصورت تست - 10 ثانیه ضایعات آسیابی,205,1403/09/23,لوله,1,08:00:00,08:00:00
356,35,2,3,101106330004,فرمول بصورت تستی - 80 ثانیه ضایعات آسیابی,219,1403/09/23,لوله,1,22:00:00,22:00:00
373,35,2,2,101111032007,مواد بصورت تستی - 10 ثانیه ضایعات آسیابی,236,1403/09/24,لوله,7,15:00:00,15:00:00
374,35,2,2,101111032007,مواد بصورت تستی - 10 ثانیه ضایعات آسیابی,237,1403/09/24,لوله,7,18:00:00,18:00:00
375,36,1,3,101106330004,مواد بصورت تستی - 80 ثانیه ضایعات آسیابی,238,1403/09/24,لوله,1,10:00:00,10:00:00
382,36,1,6,0000000000,فرمول بصورت تستی - بدون ضایعات آسیابی - نتیجه مطلوب ,242,1403/09/26,لوله,3,07:00:00,07:00:00
386,39,1,18,210107545002,10 ثانیه ضایعات آسیابی,246,1403/10/01,اتصالات,11,15:00:00,15:00:00
517,36,1,7,104102015006,فرمولاسیون تستی - بدون ضایعات آسیابی - نتیجه خوب,376,1403/10/22,لوله,2,08:30:00,08:30:00
518,36,1,7,104102015004,فرمولاسیون تستی - بدون ضایعات آسیابی - نتیجه بد,377,1403/10/23,لوله,1,09:30:00,09:30:00
519,36,1,7,104102015004,فرمولاسیون تستی - بدون ضایعات آسیابی - نتیجه بد,378,1403/10/23,لوله,1,11:30:00,11:30:00
520,36,1,7,104102015004,فرمولاسیون تستی - بدون ضایعات آسیابی - نتیجه بد,379,1403/10/23,لوله,1,15:30:00,15:30:00
521,36,1,7,104102015004,فرمولاسیون تستی - بدون ضایعات آسیابی - نتیجه بد,380,1403/10/23,لوله,2,17:00:00,17:00:00
522,35,1,3,101109030006,بدون ضایعات آسیابی,381,1403/10/18,لوله,6,08:00:00,08:00:00
523,40,1,3,104102015006,بدون ضایعات آسیابی,382,1403/10/20,لوله,2,11:00:00,11:00:00
524,40,1,2,101111032007,بدون ضایعات آسیابی,383,1403/10/21,لوله,6,09:00:00,09:00:00
525,40,1,3,101106330004,بدون ضایعات آسیابی,384,1403/10/21,لوله,6,10:00:00,10:00:00
526,40,1,4,116311015041,60 ثانیه ضایعات آسیابی,385,1403/10/21,لوله,5,11:00:00,11:00:00
527,35,3,2,101111032007,60 ثانیه ضایعات آسیابی,386,1403/10/21,لوله,12,19:00:00,19:00:00
528,35,3,3,101106330004,بدون ضایعات آسیابی,387,1403/10/21,لوله,10,22:00:00,22:00:00
529,35,3,4,117511012123,60 ثانیه ضایعات آسیابی,388,1403/10/21,لوله,8,23:00:00,23:00:00
530,40,1,2,101111032007,بدون ضایعات آسیابی,389,1403/10/22,لوله,5,10:00:00,10:00:00
531,40,1,3,101106330004,بدون ضایعات آسیابی,390,1403/10/22,لوله,5,11:00:00,11:00:00
532,40,1,4,117511010122,60 ثانیه ضایعات آسیابی,391,1403/10/22,لوله,5,12:00:00,12:00:00
533,35,3,2,101111032007,بدون ضایعات آسیابی,392,1403/10/22,لوله,11,19:00:00,19:00:00
534,35,3,3,101106330004,فرمولاسیون تستی - بدون ضایعات آسیابی,393,1403/10/23,لوله,3,01:00:00,01:00:00
536,40,1,4,101107530005,70 ثانیه ضایعات آسیابی,395,1403/10/23,لوله,3,12:00:00,12:00:00
535,40,1,3,101106330004,بدون ضایعات آسیابی,394,1403/10/23,لوله,9,11:00:00,11:00:00
537,35,3,3,101106330004,بدون ضایعات آسیابی,396,1403/10/23,لوله,11,20:00:00,20:00:00
538,35,3,4,101107530005,70 ثانیه ضایعات آسیابی,397,1403/10/23,لوله,5,21:00:00,21:00:00
539,35,3,6,101103230001,70 ثانیه ضایعات آسیابی,398,1403/10/23,لوله,3,22:00:00,22:00:00
540,35,3,4,117511010122,60 ثانیه ضایعات آسیابی,399,1403/10/22,لوله,4,21:00:00,21:00:00
541,35,3,4,117500757121,60 ثانیه ضایعات آسیابی,400,1403/10/23,لوله,3,02:00:00,02:00:00
340,30,1,3,101111032007,فرمول بصورت تستی - 10 ثانیه ضایعات آسیابی,203,1403/09/23,لوله,1,08:10:00,08:10:00
344,30,1,3,101106330004,میکس بصورت تست -  10 ثانیه ضایعات آسیابی,207,1403/09/23,لوله,1,13:00:00,13:00:00
354,35,2,2,101111032007,فرمول بصورت تستی - 10 ثانیه ضایعات آسیابی,217,1403/09/24,لوله,1,18:00:00,18:00:00
542,36,1,6,101103230001,بدون ضایعات آسیابی,401,1403/10/24,لوله,3,09:45:00,09:45:00
543,36,1,7,104102015006,بدون ضایعات آسیابی,402,1403/10/24,لوله,8,07:15:00,07:15:00
544,36,1,7,114102515046,با دستگاه 300kg - بدون ضایعات آسیابی,403,1403/10/27,لوله,8,08:00:00,08:00:00
545,36,1,6,114102515046,فرمولاسیون تستی - بدون ضایعات آسیابی - نتیجه بد,404,1403/10/25,لوله,1,09:00:00,09:00:00
546,36,1,6,114102515046,فرمولاسیون تستی - بدون ضایعات آسیابی - نتیجه بد,405,1403/10/25,لوله,1,10:15:00,10:15:00
547,36,1,6,114102515046,فرمولاسیون تستی - بدون ضایعات آسیابی - نتیجه بد,406,1403/10/25,لوله,1,12:00:00,12:00:00
548,36,1,6,114102515046,فرمولاسیون تستی - میکس 300kg - بدون ضایعات آسیابی - نتیجه بد,407,1403/10/25,لوله,1,13:30:00,13:30:00
549,36,1,6,114102515046,فرمولاسیون تستی - میکس 300kg - بدون ضایعات آسیابی - نتیجه بد,408,1403/10/25,لوله,1,15:00:00,15:00:00
550,36,1,6,114102515046,فرمولاسیون تستی - بدون ضایعات آسیابی - سوختگی لوله - نتیجه بد(استاب  روشا),409,1403/10/27,لوله,1,10:00:00,10:00:00
551,36,1,6,114102515046,فرمولاسیون تستی - بدون ضایعات آسیابی - نتیجه ؟ (استاب  روشا),410,1403/10/27,لوله,1,11:30:00,11:30:00
552,36,1,7,114102515046,فرمولاسیون تستی - میکس 300kg - بدون ضایعات آسیابی - نتیجه خوب,411,1403/10/27,لوله,1,07:00:00,07:00:00
553,40,1,2,101111032007,5 ثانیه ضایعات آسیابی,412,1403/10/24,لوله,11,10:00:00,10:00:00
554,40,1,3,101106330004,5 ثانیه ضایعات آسیابی,413,1403/10/24,لوله,4,11:00:00,11:00:00
555,36,1,6,101103230001,70 ثانیه ضایعات آسیابی,414,1403/10/24,لوله,3,12:00:00,12:00:00
556,35,3,2,101111032007,5 ثانیه ضایعات آسیابی,415,1403/10/25,لوله,10,01:00:00,01:00:00
557,35,3,3,101106330004,5 ثانیه ضایعات آسیابی,416,1403/10/24,لوله,9,23:00:00,23:00:00
558,40,1,2,101111032007,بدون ضایعات آسیابی,417,1403/10/25,لوله,10,10:00:00,10:00:00
559,40,1,3,101106330004,بدون ضایعات آسیابی,418,1403/10/25,لوله,9,11:00:00,11:00:00
560,40,1,4,101112532008,30 ثانیه ضایعات آسیابی,419,1403/10/25,لوله,9,12:00:00,12:00:00
561,35,3,2,101111032007,5 ثانیه ضایعات آسیابی,420,1403/10/25,لوله,11,19:00:00,19:00:00
563,35,3,3,101106330004,5 ثانیه ضایعات آسیابی,422,1403/10/26,لوله,3,01:00:00,01:00:00
564,35,3,4,101112532008,70 ثانیه ضایعات آسیابی,423,1403/10/25,لوله,5,23:00:00,23:00:00
565,35,2,6,114102515046,بدون ضایعات آسیابی,424,1403/10/26,لوله,4,16:00:00,16:00:00
566,40,3,4,101112532008,70 ثانیه ضایعات آسیابی,425,1403/10/28,لوله,5,02:00:00,02:00:00
573,42,1,15,210711000134,30 ثانیه ضایعاتی آسیابی,432,1403/10/25,اتصالات,11,07:00:00,07:00:00
611,40,3,3,102106319003,بدون ضایعات آسیابی,468,1403/11/01,لوله,4,02:00:00,02:00:00
612,40,3,7,104102015004,بدون ضایعات آسیابی,469,1403/11/01,لوله,1,03:00:00,03:00:00
610,35,2,7,116102518020,بدون ضایعات آسیابی,467,1403/10/30,لوله,2,20:00:00,20:00:00
609,35,2,5,104120153001,بدون ضایعات آسیابی,466,1403/10/30,لوله,4,18:00:00,18:00:00
607,35,2,5,104120153001,بدون ضایعات آسیابی,464,1403/10/30,لوله,4,18:00:00,18:00:00
606,35,2,6,116102518020,بدون ضایعات آسیابی,463,1403/10/30,لوله,2,21:00:00,21:00:00
613,43,1,3,102106319003,فرمولاسیون تستی - بدون ضایعات آسیابی - نتیجه خوب نبود,470,1403/10/29,لوله,1,11:00:00,11:00:00
614,43,1,3,102106319003,فرمولاسیون تستی - بدون ضایعات آسیابی - نتیجه خوب نبود,471,1403/10/29,لوله,1,13:00:00,13:00:00
615,35,2,6,102106319003,فرمولاسیون تستی - بدون ضایعات آسیابی - نتیجه خوب بود,472,1403/10/29,لوله,5,19:00:00,19:00:00
616,35,2,7,116102518020,فرمولاسیون تستی - بدون ضایعات آسیابی - نتیجه خوب بود,473,1403/10/29,لوله,4,22:00:00,22:00:00
617,35,2,3,102106319003,فرمولاسیون تستی - بدون ضایعات آسیابی - منتظر جواب,474,1403/10/29,لوله,4,21:00:00,21:00:00
826,44,1,5,104102015004,,8,1403/11/20,لوله,4,12:30:00,08:39:00
618,35,1,3,102106319003,فرمولاسیون تستی - بدون ضایعات آسیابی - نتیجه خوب بود,475,1403/10/30,لوله,3,08:00:00,08:00:00
619,35,2,5,104120153001,فرمولاسیون تستی - بدون ضایعات آسیابی - نتیجه خوب بود,476,1403/10/30,لوله,1,18:00:00,18:00:00
620,35,2,7,116102518020,فرمولاسیون تستی - بدون ضایعات آسیابی - نتیجه خوب نبود,477,1403/10/30,لوله,1,16:00:00,16:00:00
621,35,2,7,116102518020,فرمولاسیون تستی - بدون ضایعات آسیابی - نتیجه خوب بود,478,1403/10/30,لوله,1,17:00:00,17:00:00
622,36,1,6,116102518020,فرمولاسیون تستی - بدون ضایعات آسیابی - نتیجه بد نبود,479,1403/10/29,لوله,1,09:00:00,09:00:00
623,36,1,6,116102518020,فرمولاسیون تستی - بدون ضایعات آسیابی - نتیجه بد بود,480,1403/10/29,لوله,1,11:00:00,11:00:00
682,36,1,8,116305045146,orginal,3,1403/11/14,لوله,13,10:00:00,10:00:00
679,44,3,8,0000000001,orginal,2,1403/11/10,لوله,2,02:00:00,02:00:00
827,40,3,2,101111032007,,1,1403/11/20,لوله,5,04:00:00,08:49:00
851,36,1,7,114102515046,Orginal,7,1403/12/09,لوله,15,12:30:00,15:00:00
865,34,1,2,101111032007,,1,1403/12/10,لوله,10,08:00:00,10:11:00
870,42,3,4,0000000026,Orginal,3,1403/12/13,لوله,9,00:00:00,02:00:00
885,40,3,7,114102515046,,7,1403/12/10,لوله,1,03:00:00,10:51:00
896,34,1,8,0000000027,TEST - OK,2,1403/12/20,لوله,4,10:00:00,12:00:00
902,40,1,2,101111032007,,16,1403/12/21,لوله,7,07:00:00,09:30:00
1057,42,3,19,200411045222,Orginal,16,1403/12/06,اتصالات,14,18:00:00,21:30:00
1059,40,1,3,116311015041,,3,1403/12/20,لوله,8,11:00:00,11:52:00
1061,42,3,12,200106345001,Orginal,16,1403/12/06,اتصالات,16,21:00:00,01:00:00
1068,44,2,2,101111032007,,1,1403/12/21,لوله,9,18:00:00,12:00:00
1077,45,1,3,101106330004,,1,1403/12/24,لوله,10,08:00:00,12:19:00
1099,40,1,4,0000000026,Orginal,3,1403/12/07,لوله,3,14:00:00,14:45:00
1102,42,3,11,200411090064,Orginal,16,1403/12/09,اتصالات,13,20:25:00,23:25:00
1119,42,3,20,200106345213,Orginal,16,1403/12/12,اتصالات,14,00:00:00,03:30:00
1122,45,3,4,0000000026,Orginal,3,1403/12/08,لوله,4,00:00:00,01:20:00
1124,45,3,5,104120153001,Orginal,9,1403/12/08,لوله,1,05:00:00,05:20:00
1128,40,1,3,102106319003,,5,1403/12/05,لوله,6,11:00:00,08:45:00
1133,39,1,11,200411090064,Orginal,16,1403/12/12,اتصالات,13,21:00:00,08:54:00
1136,39,1,21,200111045004,Orginal,16,1403/12/13,اتصالات,12,08:30:00,09:03:00
1141,42,3,16,200711000037,Orginal,16,1403/12/15,اتصالات,9,04:00:00,09:10:00
1144,45,3,2,102106319003,,5,1403/12/06,لوله,4,00:00:00,09:16:00
1148,44,1,3,101106330004,Orginal,16,1403/12/09,لوله,4,11:00:00,12:20:00
1149,42,3,14,200111090013,Orginal,16,1403/12/17,اتصالات,14,21:00:00,09:40:00
1159,39,1,20,200106345213,Orginal,16,1403/12/18,اتصالات,15,16:00:00,10:07:00
1160,39,1,12,201712535024,Orginal,16,1403/12/18,اتصالات,15,18:00:00,10:17:00
1187,42,3,16,200711000037,orginal,16,1403/12/21,اتصالات,15,16:00:00,12:50:00
1191,39,1,13,200306390066,orginal,16,1404/01/16,اتصالات,10,10:00:00,10:13:00
1197,39,1,20,200316045060,orginal,16,1404/01/17,اتصالات,13,10:00:00,10:22:00
